title,content,author
홍대 맛집에서 마라탕 먹고 마스크 받았어요!,저번 주말에 친구랑 홍대에 놀러가서 마라탕 먹고 왔거든요! 같이 간 친구가 자주 간다고 했을만큼 잘하는 홍대 맛집 맞더라고요. 게다가 혼밥 하시는 분들도 꽤 많아서...,은조님의 secret diary
재방문각 100%! 홍대 맛집 베스트10,가봤던 홍대 맛집 베스트10 안에 들어갈 정도로 가성비 甲 이었어요. 저희가 갔던 곳의 위치는 대중교통을 이용하면 홍대입구역 7번출구에서 가장 가까운데요....,미코유 요리날다
콕찍은 홍대 맛집,이번 주말 친구들과 홍대에 있는 카페에 들렀다가 찾아간 홍대 맛집이 있었어요.... 맛집들 보면 이런 거 하나씩 있던데 이곳도 그중 하나라는 생각이 들더라고요. 재료...,오동통그녀의 소심한 일상탈...
훌륭했던 홍대 맛집,훌륭했던 홍대 맛집 며칠전에 친구랑 홍대에서 방탈출게임을 하러 다녀왔는데요. 나오니깐 배가 고파져서 근처에 자주 가는 홍대 맛집에 오랜만에 다녀오게 되었어요....,쮜의 세상 :)
적극 밀었던 홍대 맛집,지난 연휴에 친한 동창들과 홍대에서 모임을 가졌다 롤링홀 근처에서 가까운 홍대 맛집을 서치하다가 양이 많아도 부담없다는 곳을 발견해서 한번 가보기로 했다...,자유롭게 피어나기 ♪
계속 찾을 듯한 홍대 맛집,오랜만에 우리 부부의 신혼 추억이 담긴 홍대에서 데이트를 하고 왔다 익숙한 거리를 걷다 보니 주변 많은 것들이 바뀌어 있었지만 여전히 홍대 맛집 터줏대감 자리를...,"Ever thine, Ever mine, Ev..."
우수한 홍대 맛집,안녕하세요~ 만보입니다^^ 저번 주에 인스타그램을 서칭하다가 홍대 맛집을... 곧바로 홍대 맛집의 내부로 들어 왔답니다. 둘러보니 전체적으로 갈색톤의 인테리어라...,만보의수다
홍대 맛집 매콤달콤든든,친구와 홍대 맛집에서 든든하게 점심을 먹고 왔어요! 원체 유명하기도 했고... 그렇게 저희가 찾아간 곳은 장인닭갈비 라는 곳이었는데 홍대입구역9번출구에서 걸어서...,sweet my city
이유있는 홍대 맛집,회가 두툼하게 올라간 홍대 맛집은 가격이 저렴한편이라 든든하게 양껏먹고 기분까지 좋게 즐길수 있었답니다. 홍대입구와 합정역 사이에 위치하고있다보니 버스를...,프리티 이야기
매운맛 작렬 홍대 맛집,홍스쭈꾸미 홍대 본점 02-325-7943 마포구 어울마당로 146(서교동 331-21) 매일 11:30 - 02:00 일요일 11:30 - 02:00 #홍대맛집 #홍스쭈꾸미 실내 풍경입니다. 구조가 조금 독특했어요....,아포의 맛집 탐방...德 不 ...
홍대 맛집에서 마라탕 먹고 마스크 받았어요!,저번 주말에 친구랑 홍대에 놀러가서 마라탕 먹고 왔거든요! 같이 간 친구가 자주 간다고 했을만큼 잘하는 홍대 맛집 맞더라고요. 게다가 혼밥 하시는 분들도 꽤 많아서...,은조님의 secret diary
재방문각 100%! 홍대 맛집 베스트10,가봤던 홍대 맛집 베스트10 안에 들어갈 정도로 가성비 甲 이었어요. 저희가 갔던 곳의 위치는 대중교통을 이용하면 홍대입구역 7번출구에서 가장 가까운데요....,미코유 요리날다
콕찍은 홍대 맛집,이번 주말 친구들과 홍대에 있는 카페에 들렀다가 찾아간 홍대 맛집이 있었어요.... 맛집들 보면 이런 거 하나씩 있던데 이곳도 그중 하나라는 생각이 들더라고요. 재료...,오동통그녀의 소심한 일상탈...
훌륭했던 홍대 맛집,훌륭했던 홍대 맛집 며칠전에 친구랑 홍대에서 방탈출게임을 하러 다녀왔는데요. 나오니깐 배가 고파져서 근처에 자주 가는 홍대 맛집에 오랜만에 다녀오게 되었어요....,쮜의 세상 :)
적극 밀었던 홍대 맛집,지난 연휴에 친한 동창들과 홍대에서 모임을 가졌다 롤링홀 근처에서 가까운 홍대 맛집을 서치하다가 양이 많아도 부담없다는 곳을 발견해서 한번 가보기로 했다...,자유롭게 피어나기 ♪
계속 찾을 듯한 홍대 맛집,오랜만에 우리 부부의 신혼 추억이 담긴 홍대에서 데이트를 하고 왔다 익숙한 거리를 걷다 보니 주변 많은 것들이 바뀌어 있었지만 여전히 홍대 맛집 터줏대감 자리를...,"Ever thine, Ever mine, Ev..."
우수한 홍대 맛집,안녕하세요~ 만보입니다^^ 저번 주에 인스타그램을 서칭하다가 홍대 맛집을... 곧바로 홍대 맛집의 내부로 들어 왔답니다. 둘러보니 전체적으로 갈색톤의 인테리어라...,만보의수다
홍대 맛집 매콤달콤든든,친구와 홍대 맛집에서 든든하게 점심을 먹고 왔어요! 원체 유명하기도 했고... 그렇게 저희가 찾아간 곳은 장인닭갈비 라는 곳이었는데 홍대입구역9번출구에서 걸어서...,sweet my city
이유있는 홍대 맛집,회가 두툼하게 올라간 홍대 맛집은 가격이 저렴한편이라 든든하게 양껏먹고 기분까지 좋게 즐길수 있었답니다. 홍대입구와 합정역 사이에 위치하고있다보니 버스를...,프리티 이야기
매운맛 작렬 홍대 맛집,홍스쭈꾸미 홍대 본점 02-325-7943 마포구 어울마당로 146(서교동 331-21) 매일 11:30 - 02:00 일요일 11:30 - 02:00 #홍대맛집 #홍스쭈꾸미 실내 풍경입니다. 구조가 조금 독특했어요....,아포의 맛집 탐방...德 不 ...
홍대 맛집에서 마라탕 먹고 마스크 받았어요!,저번 주말에 친구랑 홍대에 놀러가서 마라탕 먹고 왔거든요! 같이 간 친구가 자주 간다고 했을만큼 잘하는 홍대 맛집 맞더라고요. 게다가 혼밥 하시는 분들도 꽤 많아서...,은조님의 secret diary
재방문각 100%! 홍대 맛집 베스트10,가봤던 홍대 맛집 베스트10 안에 들어갈 정도로 가성비 甲 이었어요. 저희가 갔던 곳의 위치는 대중교통을 이용하면 홍대입구역 7번출구에서 가장 가까운데요....,미코유 요리날다
콕찍은 홍대 맛집,이번 주말 친구들과 홍대에 있는 카페에 들렀다가 찾아간 홍대 맛집이 있었어요.... 맛집들 보면 이런 거 하나씩 있던데 이곳도 그중 하나라는 생각이 들더라고요. 재료...,오동통그녀의 소심한 일상탈...
훌륭했던 홍대 맛집,훌륭했던 홍대 맛집 며칠전에 친구랑 홍대에서 방탈출게임을 하러 다녀왔는데요. 나오니깐 배가 고파져서 근처에 자주 가는 홍대 맛집에 오랜만에 다녀오게 되었어요....,쮜의 세상 :)
적극 밀었던 홍대 맛집,지난 연휴에 친한 동창들과 홍대에서 모임을 가졌다 롤링홀 근처에서 가까운 홍대 맛집을 서치하다가 양이 많아도 부담없다는 곳을 발견해서 한번 가보기로 했다...,자유롭게 피어나기 ♪
계속 찾을 듯한 홍대 맛집,오랜만에 우리 부부의 신혼 추억이 담긴 홍대에서 데이트를 하고 왔다 익숙한 거리를 걷다 보니 주변 많은 것들이 바뀌어 있었지만 여전히 홍대 맛집 터줏대감 자리를...,"Ever thine, Ever mine, Ev..."
우수한 홍대 맛집,안녕하세요~ 만보입니다^^ 저번 주에 인스타그램을 서칭하다가 홍대 맛집을... 곧바로 홍대 맛집의 내부로 들어 왔답니다. 둘러보니 전체적으로 갈색톤의 인테리어라...,만보의수다
홍대 맛집 매콤달콤든든,친구와 홍대 맛집에서 든든하게 점심을 먹고 왔어요! 원체 유명하기도 했고... 그렇게 저희가 찾아간 곳은 장인닭갈비 라는 곳이었는데 홍대입구역9번출구에서 걸어서...,sweet my city
이유있는 홍대 맛집,회가 두툼하게 올라간 홍대 맛집은 가격이 저렴한편이라 든든하게 양껏먹고 기분까지 좋게 즐길수 있었답니다. 홍대입구와 합정역 사이에 위치하고있다보니 버스를...,프리티 이야기
매운맛 작렬 홍대 맛집,홍스쭈꾸미 홍대 본점 02-325-7943 마포구 어울마당로 146(서교동 331-21) 매일 11:30 - 02:00 일요일 11:30 - 02:00 #홍대맛집 #홍스쭈꾸미 실내 풍경입니다. 구조가 조금 독특했어요....,아포의 맛집 탐방...德 不 ...
홍대 맛집에서 마라탕 먹고 마스크 받았어요!,저번 주말에 친구랑 홍대에 놀러가서 마라탕 먹고 왔거든요! 같이 간 친구가 자주 간다고 했을만큼 잘하는 홍대 맛집 맞더라고요. 게다가 혼밥 하시는 분들도 꽤 많아서...,은조님의 secret diary
재방문각 100%! 홍대 맛집 베스트10,가봤던 홍대 맛집 베스트10 안에 들어갈 정도로 가성비 甲 이었어요. 저희가 갔던 곳의 위치는 대중교통을 이용하면 홍대입구역 7번출구에서 가장 가까운데요....,미코유 요리날다
콕찍은 홍대 맛집,이번 주말 친구들과 홍대에 있는 카페에 들렀다가 찾아간 홍대 맛집이 있었어요.... 맛집들 보면 이런 거 하나씩 있던데 이곳도 그중 하나라는 생각이 들더라고요. 재료...,오동통그녀의 소심한 일상탈...
훌륭했던 홍대 맛집,훌륭했던 홍대 맛집 며칠전에 친구랑 홍대에서 방탈출게임을 하러 다녀왔는데요. 나오니깐 배가 고파져서 근처에 자주 가는 홍대 맛집에 오랜만에 다녀오게 되었어요....,쮜의 세상 :)
적극 밀었던 홍대 맛집,지난 연휴에 친한 동창들과 홍대에서 모임을 가졌다 롤링홀 근처에서 가까운 홍대 맛집을 서치하다가 양이 많아도 부담없다는 곳을 발견해서 한번 가보기로 했다...,자유롭게 피어나기 ♪
계속 찾을 듯한 홍대 맛집,오랜만에 우리 부부의 신혼 추억이 담긴 홍대에서 데이트를 하고 왔다 익숙한 거리를 걷다 보니 주변 많은 것들이 바뀌어 있었지만 여전히 홍대 맛집 터줏대감 자리를...,"Ever thine, Ever mine, Ev..."
우수한 홍대 맛집,안녕하세요~ 만보입니다^^ 저번 주에 인스타그램을 서칭하다가 홍대 맛집을... 곧바로 홍대 맛집의 내부로 들어 왔답니다. 둘러보니 전체적으로 갈색톤의 인테리어라...,만보의수다
홍대 맛집 매콤달콤든든,친구와 홍대 맛집에서 든든하게 점심을 먹고 왔어요! 원체 유명하기도 했고... 그렇게 저희가 찾아간 곳은 장인닭갈비 라는 곳이었는데 홍대입구역9번출구에서 걸어서...,sweet my city
이유있는 홍대 맛집,회가 두툼하게 올라간 홍대 맛집은 가격이 저렴한편이라 든든하게 양껏먹고 기분까지 좋게 즐길수 있었답니다. 홍대입구와 합정역 사이에 위치하고있다보니 버스를...,프리티 이야기
매운맛 작렬 홍대 맛집,홍스쭈꾸미 홍대 본점 02-325-7943 마포구 어울마당로 146(서교동 331-21) 매일 11:30 - 02:00 일요일 11:30 - 02:00 #홍대맛집 #홍스쭈꾸미 실내 풍경입니다. 구조가 조금 독특했어요....,아포의 맛집 탐방...德 不 ...
홍대 맛집에서 마라탕 먹고 마스크 받았어요!,저번 주말에 친구랑 홍대에 놀러가서 마라탕 먹고 왔거든요! 같이 간 친구가 자주 간다고 했을만큼 잘하는 홍대 맛집 맞더라고요. 게다가 혼밥 하시는 분들도 꽤 많아서...,은조님의 secret diary
재방문각 100%! 홍대 맛집 베스트10,가봤던 홍대 맛집 베스트10 안에 들어갈 정도로 가성비 甲 이었어요. 저희가 갔던 곳의 위치는 대중교통을 이용하면 홍대입구역 7번출구에서 가장 가까운데요....,미코유 요리날다
콕찍은 홍대 맛집,이번 주말 친구들과 홍대에 있는 카페에 들렀다가 찾아간 홍대 맛집이 있었어요.... 맛집들 보면 이런 거 하나씩 있던데 이곳도 그중 하나라는 생각이 들더라고요. 재료...,오동통그녀의 소심한 일상탈...
훌륭했던 홍대 맛집,훌륭했던 홍대 맛집 며칠전에 친구랑 홍대에서 방탈출게임을 하러 다녀왔는데요. 나오니깐 배가 고파져서 근처에 자주 가는 홍대 맛집에 오랜만에 다녀오게 되었어요....,쮜의 세상 :)
적극 밀었던 홍대 맛집,지난 연휴에 친한 동창들과 홍대에서 모임을 가졌다 롤링홀 근처에서 가까운 홍대 맛집을 서치하다가 양이 많아도 부담없다는 곳을 발견해서 한번 가보기로 했다...,자유롭게 피어나기 ♪
계속 찾을 듯한 홍대 맛집,오랜만에 우리 부부의 신혼 추억이 담긴 홍대에서 데이트를 하고 왔다 익숙한 거리를 걷다 보니 주변 많은 것들이 바뀌어 있었지만 여전히 홍대 맛집 터줏대감 자리를...,"Ever thine, Ever mine, Ev..."
우수한 홍대 맛집,안녕하세요~ 만보입니다^^ 저번 주에 인스타그램을 서칭하다가 홍대 맛집을... 곧바로 홍대 맛집의 내부로 들어 왔답니다. 둘러보니 전체적으로 갈색톤의 인테리어라...,만보의수다
홍대 맛집 매콤달콤든든,친구와 홍대 맛집에서 든든하게 점심을 먹고 왔어요! 원체 유명하기도 했고... 그렇게 저희가 찾아간 곳은 장인닭갈비 라는 곳이었는데 홍대입구역9번출구에서 걸어서...,sweet my city
이유있는 홍대 맛집,회가 두툼하게 올라간 홍대 맛집은 가격이 저렴한편이라 든든하게 양껏먹고 기분까지 좋게 즐길수 있었답니다. 홍대입구와 합정역 사이에 위치하고있다보니 버스를...,프리티 이야기
매운맛 작렬 홍대 맛집,홍스쭈꾸미 홍대 본점 02-325-7943 마포구 어울마당로 146(서교동 331-21) 매일 11:30 - 02:00 일요일 11:30 - 02:00 #홍대맛집 #홍스쭈꾸미 실내 풍경입니다. 구조가 조금 독특했어요....,아포의 맛집 탐방...德 不 ...
홍대 맛집에서 마라탕 먹고 마스크 받았어요!,저번 주말에 친구랑 홍대에 놀러가서 마라탕 먹고 왔거든요! 같이 간 친구가 자주 간다고 했을만큼 잘하는 홍대 맛집 맞더라고요. 게다가 혼밥 하시는 분들도 꽤 많아서...,은조님의 secret diary
재방문각 100%! 홍대 맛집 베스트10,가봤던 홍대 맛집 베스트10 안에 들어갈 정도로 가성비 甲 이었어요. 저희가 갔던 곳의 위치는 대중교통을 이용하면 홍대입구역 7번출구에서 가장 가까운데요....,미코유 요리날다
콕찍은 홍대 맛집,이번 주말 친구들과 홍대에 있는 카페에 들렀다가 찾아간 홍대 맛집이 있었어요.... 맛집들 보면 이런 거 하나씩 있던데 이곳도 그중 하나라는 생각이 들더라고요. 재료...,오동통그녀의 소심한 일상탈...
훌륭했던 홍대 맛집,훌륭했던 홍대 맛집 며칠전에 친구랑 홍대에서 방탈출게임을 하러 다녀왔는데요. 나오니깐 배가 고파져서 근처에 자주 가는 홍대 맛집에 오랜만에 다녀오게 되었어요....,쮜의 세상 :)
적극 밀었던 홍대 맛집,지난 연휴에 친한 동창들과 홍대에서 모임을 가졌다 롤링홀 근처에서 가까운 홍대 맛집을 서치하다가 양이 많아도 부담없다는 곳을 발견해서 한번 가보기로 했다...,자유롭게 피어나기 ♪
계속 찾을 듯한 홍대 맛집,오랜만에 우리 부부의 신혼 추억이 담긴 홍대에서 데이트를 하고 왔다 익숙한 거리를 걷다 보니 주변 많은 것들이 바뀌어 있었지만 여전히 홍대 맛집 터줏대감 자리를...,"Ever thine, Ever mine, Ev..."
우수한 홍대 맛집,안녕하세요~ 만보입니다^^ 저번 주에 인스타그램을 서칭하다가 홍대 맛집을... 곧바로 홍대 맛집의 내부로 들어 왔답니다. 둘러보니 전체적으로 갈색톤의 인테리어라...,만보의수다
홍대 맛집 매콤달콤든든,친구와 홍대 맛집에서 든든하게 점심을 먹고 왔어요! 원체 유명하기도 했고... 그렇게 저희가 찾아간 곳은 장인닭갈비 라는 곳이었는데 홍대입구역9번출구에서 걸어서...,sweet my city
이유있는 홍대 맛집,회가 두툼하게 올라간 홍대 맛집은 가격이 저렴한편이라 든든하게 양껏먹고 기분까지 좋게 즐길수 있었답니다. 홍대입구와 합정역 사이에 위치하고있다보니 버스를...,프리티 이야기
매운맛 작렬 홍대 맛집,홍스쭈꾸미 홍대 본점 02-325-7943 마포구 어울마당로 146(서교동 331-21) 매일 11:30 - 02:00 일요일 11:30 - 02:00 #홍대맛집 #홍스쭈꾸미 실내 풍경입니다. 구조가 조금 독특했어요....,아포의 맛집 탐방...德 不 ...
홍대 맛집에서 마라탕 먹고 마스크 받았어요!,저번 주말에 친구랑 홍대에 놀러가서 마라탕 먹고 왔거든요! 같이 간 친구가 자주 간다고 했을만큼 잘하는 홍대 맛집 맞더라고요. 게다가 혼밥 하시는 분들도 꽤 많아서...,은조님의 secret diary
재방문각 100%! 홍대 맛집 베스트10,가봤던 홍대 맛집 베스트10 안에 들어갈 정도로 가성비 甲 이었어요. 저희가 갔던 곳의 위치는 대중교통을 이용하면 홍대입구역 7번출구에서 가장 가까운데요....,미코유 요리날다
콕찍은 홍대 맛집,이번 주말 친구들과 홍대에 있는 카페에 들렀다가 찾아간 홍대 맛집이 있었어요.... 맛집들 보면 이런 거 하나씩 있던데 이곳도 그중 하나라는 생각이 들더라고요. 재료...,오동통그녀의 소심한 일상탈...
훌륭했던 홍대 맛집,훌륭했던 홍대 맛집 며칠전에 친구랑 홍대에서 방탈출게임을 하러 다녀왔는데요. 나오니깐 배가 고파져서 근처에 자주 가는 홍대 맛집에 오랜만에 다녀오게 되었어요....,쮜의 세상 :)
적극 밀었던 홍대 맛집,지난 연휴에 친한 동창들과 홍대에서 모임을 가졌다 롤링홀 근처에서 가까운 홍대 맛집을 서치하다가 양이 많아도 부담없다는 곳을 발견해서 한번 가보기로 했다...,자유롭게 피어나기 ♪
계속 찾을 듯한 홍대 맛집,오랜만에 우리 부부의 신혼 추억이 담긴 홍대에서 데이트를 하고 왔다 익숙한 거리를 걷다 보니 주변 많은 것들이 바뀌어 있었지만 여전히 홍대 맛집 터줏대감 자리를...,"Ever thine, Ever mine, Ev..."
우수한 홍대 맛집,안녕하세요~ 만보입니다^^ 저번 주에 인스타그램을 서칭하다가 홍대 맛집을... 곧바로 홍대 맛집의 내부로 들어 왔답니다. 둘러보니 전체적으로 갈색톤의 인테리어라...,만보의수다
홍대 맛집 매콤달콤든든,친구와 홍대 맛집에서 든든하게 점심을 먹고 왔어요! 원체 유명하기도 했고... 그렇게 저희가 찾아간 곳은 장인닭갈비 라는 곳이었는데 홍대입구역9번출구에서 걸어서...,sweet my city
이유있는 홍대 맛집,회가 두툼하게 올라간 홍대 맛집은 가격이 저렴한편이라 든든하게 양껏먹고 기분까지 좋게 즐길수 있었답니다. 홍대입구와 합정역 사이에 위치하고있다보니 버스를...,프리티 이야기
매운맛 작렬 홍대 맛집,홍스쭈꾸미 홍대 본점 02-325-7943 마포구 어울마당로 146(서교동 331-21) 매일 11:30 - 02:00 일요일 11:30 - 02:00 #홍대맛집 #홍스쭈꾸미 실내 풍경입니다. 구조가 조금 독특했어요....,아포의 맛집 탐방...德 不 ...
홍대 맛집에서 마라탕 먹고 마스크 받았어요!,저번 주말에 친구랑 홍대에 놀러가서 마라탕 먹고 왔거든요! 같이 간 친구가 자주 간다고 했을만큼 잘하는 홍대 맛집 맞더라고요. 게다가 혼밥 하시는 분들도 꽤 많아서...,은조님의 secret diary
재방문각 100%! 홍대 맛집 베스트10,가봤던 홍대 맛집 베스트10 안에 들어갈 정도로 가성비 甲 이었어요. 저희가 갔던 곳의 위치는 대중교통을 이용하면 홍대입구역 7번출구에서 가장 가까운데요....,미코유 요리날다
콕찍은 홍대 맛집,이번 주말 친구들과 홍대에 있는 카페에 들렀다가 찾아간 홍대 맛집이 있었어요.... 맛집들 보면 이런 거 하나씩 있던데 이곳도 그중 하나라는 생각이 들더라고요. 재료...,오동통그녀의 소심한 일상탈...
훌륭했던 홍대 맛집,훌륭했던 홍대 맛집 며칠전에 친구랑 홍대에서 방탈출게임을 하러 다녀왔는데요. 나오니깐 배가 고파져서 근처에 자주 가는 홍대 맛집에 오랜만에 다녀오게 되었어요....,쮜의 세상 :)
적극 밀었던 홍대 맛집,지난 연휴에 친한 동창들과 홍대에서 모임을 가졌다 롤링홀 근처에서 가까운 홍대 맛집을 서치하다가 양이 많아도 부담없다는 곳을 발견해서 한번 가보기로 했다...,자유롭게 피어나기 ♪
계속 찾을 듯한 홍대 맛집,오랜만에 우리 부부의 신혼 추억이 담긴 홍대에서 데이트를 하고 왔다 익숙한 거리를 걷다 보니 주변 많은 것들이 바뀌어 있었지만 여전히 홍대 맛집 터줏대감 자리를...,"Ever thine, Ever mine, Ev..."
우수한 홍대 맛집,안녕하세요~ 만보입니다^^ 저번 주에 인스타그램을 서칭하다가 홍대 맛집을... 곧바로 홍대 맛집의 내부로 들어 왔답니다. 둘러보니 전체적으로 갈색톤의 인테리어라...,만보의수다
홍대 맛집 매콤달콤든든,친구와 홍대 맛집에서 든든하게 점심을 먹고 왔어요! 원체 유명하기도 했고... 그렇게 저희가 찾아간 곳은 장인닭갈비 라는 곳이었는데 홍대입구역9번출구에서 걸어서...,sweet my city
이유있는 홍대 맛집,회가 두툼하게 올라간 홍대 맛집은 가격이 저렴한편이라 든든하게 양껏먹고 기분까지 좋게 즐길수 있었답니다. 홍대입구와 합정역 사이에 위치하고있다보니 버스를...,프리티 이야기
매운맛 작렬 홍대 맛집,홍스쭈꾸미 홍대 본점 02-325-7943 마포구 어울마당로 146(서교동 331-21) 매일 11:30 - 02:00 일요일 11:30 - 02:00 #홍대맛집 #홍스쭈꾸미 실내 풍경입니다. 구조가 조금 독특했어요....,아포의 맛집 탐방...德 不 ...
홍대 맛집에서 마라탕 먹고 마스크 받았어요!,저번 주말에 친구랑 홍대에 놀러가서 마라탕 먹고 왔거든요! 같이 간 친구가 자주 간다고 했을만큼 잘하는 홍대 맛집 맞더라고요. 게다가 혼밥 하시는 분들도 꽤 많아서...,은조님의 secret diary
재방문각 100%! 홍대 맛집 베스트10,가봤던 홍대 맛집 베스트10 안에 들어갈 정도로 가성비 甲 이었어요. 저희가 갔던 곳의 위치는 대중교통을 이용하면 홍대입구역 7번출구에서 가장 가까운데요....,미코유 요리날다
콕찍은 홍대 맛집,이번 주말 친구들과 홍대에 있는 카페에 들렀다가 찾아간 홍대 맛집이 있었어요.... 맛집들 보면 이런 거 하나씩 있던데 이곳도 그중 하나라는 생각이 들더라고요. 재료...,오동통그녀의 소심한 일상탈...
훌륭했던 홍대 맛집,훌륭했던 홍대 맛집 며칠전에 친구랑 홍대에서 방탈출게임을 하러 다녀왔는데요. 나오니깐 배가 고파져서 근처에 자주 가는 홍대 맛집에 오랜만에 다녀오게 되었어요....,쮜의 세상 :)
적극 밀었던 홍대 맛집,지난 연휴에 친한 동창들과 홍대에서 모임을 가졌다 롤링홀 근처에서 가까운 홍대 맛집을 서치하다가 양이 많아도 부담없다는 곳을 발견해서 한번 가보기로 했다...,자유롭게 피어나기 ♪
계속 찾을 듯한 홍대 맛집,오랜만에 우리 부부의 신혼 추억이 담긴 홍대에서 데이트를 하고 왔다 익숙한 거리를 걷다 보니 주변 많은 것들이 바뀌어 있었지만 여전히 홍대 맛집 터줏대감 자리를...,"Ever thine, Ever mine, Ev..."
우수한 홍대 맛집,안녕하세요~ 만보입니다^^ 저번 주에 인스타그램을 서칭하다가 홍대 맛집을... 곧바로 홍대 맛집의 내부로 들어 왔답니다. 둘러보니 전체적으로 갈색톤의 인테리어라...,만보의수다
홍대 맛집 매콤달콤든든,친구와 홍대 맛집에서 든든하게 점심을 먹고 왔어요! 원체 유명하기도 했고... 그렇게 저희가 찾아간 곳은 장인닭갈비 라는 곳이었는데 홍대입구역9번출구에서 걸어서...,sweet my city
이유있는 홍대 맛집,회가 두툼하게 올라간 홍대 맛집은 가격이 저렴한편이라 든든하게 양껏먹고 기분까지 좋게 즐길수 있었답니다. 홍대입구와 합정역 사이에 위치하고있다보니 버스를...,프리티 이야기
매운맛 작렬 홍대 맛집,홍스쭈꾸미 홍대 본점 02-325-7943 마포구 어울마당로 146(서교동 331-21) 매일 11:30 - 02:00 일요일 11:30 - 02:00 #홍대맛집 #홍스쭈꾸미 실내 풍경입니다. 구조가 조금 독특했어요....,아포의 맛집 탐방...德 不 ...
홍대 맛집에서 마라탕 먹고 마스크 받았어요!,저번 주말에 친구랑 홍대에 놀러가서 마라탕 먹고 왔거든요! 같이 간 친구가 자주 간다고 했을만큼 잘하는 홍대 맛집 맞더라고요. 게다가 혼밥 하시는 분들도 꽤 많아서...,은조님의 secret diary
재방문각 100%! 홍대 맛집 베스트10,가봤던 홍대 맛집 베스트10 안에 들어갈 정도로 가성비 甲 이었어요. 저희가 갔던 곳의 위치는 대중교통을 이용하면 홍대입구역 7번출구에서 가장 가까운데요....,미코유 요리날다
콕찍은 홍대 맛집,이번 주말 친구들과 홍대에 있는 카페에 들렀다가 찾아간 홍대 맛집이 있었어요.... 맛집들 보면 이런 거 하나씩 있던데 이곳도 그중 하나라는 생각이 들더라고요. 재료...,오동통그녀의 소심한 일상탈...
훌륭했던 홍대 맛집,훌륭했던 홍대 맛집 며칠전에 친구랑 홍대에서 방탈출게임을 하러 다녀왔는데요. 나오니깐 배가 고파져서 근처에 자주 가는 홍대 맛집에 오랜만에 다녀오게 되었어요....,쮜의 세상 :)
적극 밀었던 홍대 맛집,지난 연휴에 친한 동창들과 홍대에서 모임을 가졌다 롤링홀 근처에서 가까운 홍대 맛집을 서치하다가 양이 많아도 부담없다는 곳을 발견해서 한번 가보기로 했다...,자유롭게 피어나기 ♪
계속 찾을 듯한 홍대 맛집,오랜만에 우리 부부의 신혼 추억이 담긴 홍대에서 데이트를 하고 왔다 익숙한 거리를 걷다 보니 주변 많은 것들이 바뀌어 있었지만 여전히 홍대 맛집 터줏대감 자리를...,"Ever thine, Ever mine, Ev..."
우수한 홍대 맛집,안녕하세요~ 만보입니다^^ 저번 주에 인스타그램을 서칭하다가 홍대 맛집을... 곧바로 홍대 맛집의 내부로 들어 왔답니다. 둘러보니 전체적으로 갈색톤의 인테리어라...,만보의수다
홍대 맛집 매콤달콤든든,친구와 홍대 맛집에서 든든하게 점심을 먹고 왔어요! 원체 유명하기도 했고... 그렇게 저희가 찾아간 곳은 장인닭갈비 라는 곳이었는데 홍대입구역9번출구에서 걸어서...,sweet my city
이유있는 홍대 맛집,회가 두툼하게 올라간 홍대 맛집은 가격이 저렴한편이라 든든하게 양껏먹고 기분까지 좋게 즐길수 있었답니다. 홍대입구와 합정역 사이에 위치하고있다보니 버스를...,프리티 이야기
매운맛 작렬 홍대 맛집,홍스쭈꾸미 홍대 본점 02-325-7943 마포구 어울마당로 146(서교동 331-21) 매일 11:30 - 02:00 일요일 11:30 - 02:00 #홍대맛집 #홍스쭈꾸미 실내 풍경입니다. 구조가 조금 독특했어요....,아포의 맛집 탐방...德 不 ...
